donald trump, politics
texas, travel
apple, technology
android (Operating System), technology
iphone, technology
adobe photoshop, technology
television, technology
camera, technology
google, business
toyota, business
laptop, technology
steve jobs, business
barack obama, politics
new york city, travel
bernie sanders, politics
Canon Inc., business
bmw, business
audi, business
chennai, travel
paris, travel
dallas, travel
titicaca, travel
nile, travel
danube, travel
seine, travel
oslo, travel
spotify, business
china, travel
japan, travel
new zealand, travel
volkswagen, business
ibm, business
singapore, travel
microsoft, business
zillow, business
san francisco, travel
sacramento, travel
las vegas, travel
rockies, travel
david cameron, politics
brexit, politics
jayalalithaa, politics
narendra modi, politics
hillary clinton, politics
python (programming language), technology
java language, technology
bill gates, business
warren buffet, business
nasdaq, business
korea, travel
tim cook, business
flipkart, business
uber (company), business
africa, travel
usa, travel
russia, travel
nexus 6p, technology
chicago, travel
cincinatti, travel
sacramento, travel
sony, technology
samsung, technology
laptop, technology
macintosh, technology
Near field communication, technology
bluetooth, technology
lyft, business
mac os, technology
wi-fi, technology
las vegas, travel
abraham lincoln, politics
nigel farage, politics
headphones, technology
television, technology
radio, technology
benjamin franklin, politics
franklin roosevelt, politics
manmohan singh, politics
boris johnson, politics
michael bloomberg, politics
ubuntu (operating system), technology